464 | /bills/106/original/IMG_0243.JPG
451 | /bills/92/original/IMG058.jpg
521 | /bills/121/original/BWSSB_May_ 2011.png
520 | /bills/120/original/BESCOM_May_2011.png
522 | /bills/122/original/BSNL_May_2011.png
556 | /bills/131/original/BESCOM_August_2011.png
557 | /bills/132/original/BWSSB_August_2011.png
443 | /bills/93/original/Tea_JPNR_Dec_2010.jpg
487 | /bills/108/original/water_bill_March_2011.png
489 | /bills/110/original/BESCOM_bill_March_2011.png
510 | /bills/115/original/printer-cartridge-refill.jpeg
580 | /bills/144/original/Coff & Tea bill_October_2011.png
370 | /bills/88/original/tea-jpnr-sep-2010.jpeg
529 | /bills/126/original/BSNL_June_2011.png
527 | /bills/123/original/BESCOM_June_2011.png
528 | /bills/124/original/BWSSB_June_2011.png
511 | /bills/116/original/Tea_Expenses_May_2011.jpeg
548 | /bills/130/original/BSNL_July_2011.png
549 | /bills/128/original/BESCOM_July_2011.png
550 | /bills/129/original/BWSSB_July_2011.png
583 | /bills/146/original/BESCOM_October_2011.png
559 | /bills/134/original/Tax Invoice bill.png;/bills/135/original/Service bill.png
582 | /bills/145/original/BWSSB_October_2011.png
402 | /bills/89/original/display-change-web-nirnaya.jpg
459 | /bills/96/original/IMG064.jpg
573 | /bills/142/original/BSNL_September_2011.png
572 | /bills/141/original/BWSSB_September_2011.png
560 | /bills/136/original/BSNL_August_2011.png
541 | /bills/127/original/Coff & Tea bill_July_2011.png
571 | /bills/140/original/BESCOM_September_2011.png
135 | /bills/13/original/ BLR-MUM@11-Mar-2009.pdf
460 | /bills/104/original/CHN-BLR-28-Feb-2011.pdf;/bills/105/original/BLR-CHN-27-Feb-2011.pdf
447 | /bills/94/original/Tea_JPNR_Jan_2011.jpg
484 | /bills/107/original/tea_bill_for_March_2011.png
554 | /bills/133/original/Coff & Tea bill_August_2011.png
563 | /bills/139/original/invoice-2011-09.pdf
561 | /bills/137/original/R0001631344.pdf
562 | /bills/138/original/invoice-2011-09.pdf
194 | /bills/39/original/chennai november 19 leyland.pdf
405 | /bills/95/original/Tea_JPNR_Nov_2010.jpg
357 | /bills/83/original/BESCOM-JPNR-Aug2010.jpeg
358 | /bills/84/original/BWSSB-JPNR-Aug2010.jpeg
360 | /bills/86/original/Tea-JPNR-Sep2010.jpeg
359 | /bills/85/original/Tea-JPNR-Sep2010.jpeg
356 | /bills/82/original/Airtel-bill-IIIT-office-Aug2010.jpeg
341 | /bills/80/original/IMG_0043.JPG
339 | /bills/78/original/IMG_0046.JPG
338 | /bills/77/original/IMG_0042.JPG
340 | /bills/79/original/IMG_0044.JPG
364 | /bills/87/original/Photo 122.jpg
355 | /bills/81/original/AshLey - Pallavi Grand Lunch - 11th May, 2010.jpeg
97 | /bills/97/original/img_0761.jpg
118 | /bills/118/original/img_0821.jpg
117 | /bills/117/original/img_0822.jpg
99 | /bills/99/original/img_0758.jpg
98 | /bills/98/original/img_0764.jpg
109 | /bills/109/original/out.jpeg
113 | /bills/113/original/img_0820.jpg
111 | /bills/111/original/out.jpeg
149 | /bills/23/original/Image_126.jpg
150 | /bills/24/original/Image_127.jpg
148 | /bills/22/original/HP_LAPTOP_POWER_ADAPTER.JPG
119 | /bills/119/original/rechnung-R0000817535.pdf
101 | /bills/101/original/img_0757.jpg
100 | /bills/100/original/img_0756.jpg
139 | /bills/17/original/ BLR-MUM@03-Jun-2009.pdf
141 | /bills/19/original/ MUM-IDR@04-Jun-2009.pdf
142 | /bills/20/original/ IDR-MUM@05-Jun-2009.pdf
143 | /bills/21/original/ MUM-BLR@06-Jun-2009.pdf
151 | /bills/25/original/Image_138.jpg
138 | /bills/16/original/ MUM-BLR@14-Mar-2009.pdf
137 | /bills/15/original/ IDR-MUM@14-Mar-2009.pdf
136 | /bills/14/original/ MUM-IDR@12-Mar-2009.pdf
181 | /bills/33/original/Lenovo_LCD_bill.jpg
189 | /bills/34/original/img_0995.jpg
192 | /bills/37/original/curtain.jpg
155 | /bills/26/original/amazon-august-bill.pdf
156 | /bills/27/original/rechnung-R0000862319.pdf
157 | /bills/28/original/rechnung-R0000862319.pdf
158 | /bills/29/original/rechnung-R0000862319.pdf
178 | /bills/30/original/chik_map_scan_bill.jpg
179 | /bills/31/original/Image_167.jpg
180 | /bills/32/original/mfsummit_airfare_invoices.zip
190 | /bills/35/original/img_0996.jpg
191 | /bills/36/original/curtain.jpg
199 | /bills/42/original/rechnung-R0000909391.pdf
200 | /bills/43/original/rechnung-R0000909391.pdf
201 | /bills/44/original/rechnung-R0000909391.pdf
197 | /bills/40/original/bill.jpg
198 | /bills/41/original/laptop-service-bill.jpg
193 | /bills/38/original/img_0999.jpg
206 | /bills/45/original/yimby invoice.pdf
227 | /bills/49/original/img_0593.jpg
217 | /bills/48/original/img_0595.jpg
242 | /bills/51/original/Chennai Taxi Claim.zip
212 | /bills/46/original/chennai december 17 leyland.pdf
210 | /bills/47/original/img_0594.jpg
237 | /bills/50/original/rechnung-R0000984069.pdf
262 | /bills/56/original/TEA_JPNR_1-4-2010.JPG
257 | /bills/54/original/PEDASTAL_FAN.JPG
256 | /bills/53/original/AIRTEL_IIIT_MARCH.JPG
252 | /bills/55/original/TEA_JPNR_3_3_2010.JPG
236 | /bills/52/original/TEA_BILL_1-2-10.jpg
263 | /bills/57/original/AIRTEL_IIIT_MARCH2010.JPG
270 | /bills/59/original/rechnung-R0001037192.pdf
269 | /bills/58/original/rechnung-R0001037192.pdf
316 | /bills/67/original/img_0997.jpg
310 | /bills/64/original/IMG_0957.JPG
311 | /bills/65/original/IMG_0956.JPG
315 | /bills/66/original/img_0996.jpg
279 | /bills/63/original/IMG_0942.JPG
278 | /bills/62/original/IMG_0954.JPG
277 | /bills/60/original/iiit-airtel-apr-2010-bill.jpg
317 | /bills/68/original/Photo 90.jpg
318 | /bills/69/original/Photo 93.jpg
320 | /bills/71/original/ticket0002.png
321 | /bills/72/original/ticket0002.png
319 | /bills/70/original/ticket0001.png
322 | /bills/73/original/ticket0002.png
334 | /bills/75/original/Screen shot 2010-07-29 at 5.46.50 AM.png
325 | /bills/76/original/IMG_0045.JPG
324 | /bills/74/original/syed-aslam-laptop-keyboard.png
397 | /bills/90/original/working-chairs-bill.png
505 | /bills/112/original/BWSSB_Bill.jpeg
566 | /bills/143/original/Coff & Tea Bill_September_2011.png
592 | /bills/148/original/Coff & Tea bill_November_2011.png
590 | /bills/149/original/BSNL_October_2011.png
586 | /bills/147/original/syed-aslam-display-bill.jpg
604 | /bills/159/original/Coff & Tea bill_December_2011.png
599 | /bills/153/original/BSNL_November_2011.png
595 | /bills/150/original/BWSSB_November_2011.png
596 | /bills/151/original/BESCOM_November_2011.png;/bills/152/original/BESCOM 1_November _2011.png
619 | /bills/158/original/Coff & Tea bill_January_2012.png
610 | /bills/155/original/BESCOM_December_2011.png
612 | /bills/157/original/BWSSB_December_2011.png
611 | /bills/156/original/BSNL_December_2011.png
653 | /bills/172/original/BWSSB_March_2012.png
651 | /bills/169/original/Mouse_bill.png
652 | /bills/170/original/BWSSB_March_2012.png;/bills/171/original/BESCOM 1_March_2012.png
659 | /bills/176/original/Coff & Tea bill_April_2012.png;/bills/177/original/Coff & Tea bill_April 1_2012.png
648 | /bills/175/original/Coff & Tea bill_March_2012.png
646 | /bills/164/original/BESCOM 1_Febrauary_2012.png;/bills/165/original/BESCOM_Febrauary_2012.png
647 | /bills/167/original/BWSSB_Febrauary_2012.png
638 | /bills/166/original/Coff & Tea bill_Febrauary_2012.png
625 | /bills/161/original/BESCOM_January_2012.png;/bills/162/original/BESCOM 1 _January_2012.png
624 | /bills/160/original/BWSSB_January_2012.png
641 | /bills/163/original/Cycle_bill.jpg
702 | /bills/187/original/ticket.pdf
687 | /bills/182/original/June2012-Tea-bill.jpeg
680 | /bills/183/original/Self-inked-stamps.jpeg
676 | /bills/179/original/BWSSB_May-2012.png
675 | /bills/178/original/BESCOM_May_2012.png
664 | /bills/173/original/BWSSB_April_2012.png
665 | /bills/174/original/BESCOM_April_2012.png
677 | /bills/180/original/Shoping bill_June_2012.png
679 | /bills/181/original/ColorCartridgeForPrinter.png
716 | /bills/188/original/nameboard_bill.jpg
688 | /bills/184/original/09072012271.jpg
700 | /bills/185/original/ticket.pdf
724 | /bills/189/original/img_0467.jpg
701 | /bills/186/original/ticket.pdf
737 | /bills/191/original/Screenshot.png
730 | /bills/190/original/bill_keys.jpg
762 | /bills/193/original/Airtel-4g-PaymentReceipt-dec-2012.pdf
754 | /bills/192/original/Writing_board_bill.jpg
826 | /bills/194/original/AndroidMobilePaymentReceipt.pdf
855 | /bills/195/original/Airtel_4G_Bill_Payment_July_2013_Receipt.pdf
921 | /bills/202/original/IMG_20140707_112402.jpg
920 | /bills/201/original/IMG_20140707_112317.jpg
919 | /bills/200/original/IMG_20140707_111845.jpg
917 | /bills/198/original/IMG_20140707_111845.jpg
918 | /bills/199/original/IMG_20140707_111845.jpg
916 | /bills/197/original/IMG_20140630_120612.jpg
927 | /bills/204/original/BOM_BLR_Indigo.pdf
926 | /bills/203/original/DELL-VOSTRO-1520-Adapter-replacement-bill.jpg
931 | /bills/205/original/IMG_20140909_113644.jpg
967 | /bills/206/original/IMG_20150416_112830941.jpg
974 | /bills/208/original/IMG_20150525_175125.jpg
973 | /bills/207/original/NF2201752522730.Invoice.pdf